review_id,customer_name,product_name,category,rating,review_title,review_text,purchase_date,verified_purchase,helpful_votes
REV001,Ananya Sharma,FindX Smart Notebook,Electronics,5,Absolutely love it!,This smart notebook changed how I take notes. The AI-powered search finds anything I've written in seconds. Battery lasts 2 weeks. Build quality is premium — aluminum body feels great.,2024-01-05,Yes,42
REV002,James Wilson,FindX Pro Headphones,Audio,4,Great sound but tight fit,Sound quality is phenomenal — rich bass and crystal clear mids. Noise cancellation blocks out everything. Only complaint is they feel tight after 3 hours. Wish the ear cups were slightly larger.,2024-01-08,Yes,28
REV003,Priya Patel,FindX Smart Water Bottle,Lifestyle,5,Tracks hydration perfectly,This water bottle reminds me to drink water throughout the day. The app integration is seamless and the temperature display is accurate. Keeps water cold for 24 hours. Best purchase this year!,2024-01-10,Yes,35
REV004,Michael Chen,FindX Wireless Charger,Accessories,3,Works but slow charging,The charger looks beautiful on my desk — minimal design. However charging speed is slower than advertised. My phone takes 3 hours to fully charge instead of the promised 1.5 hours. Build quality is good though.,2024-01-12,Yes,15
REV005,Sarah Johnson,FindX Smart Notebook,Electronics,5,Perfect for meetings,I use this in every meeting now. The handwriting-to-text conversion is 95% accurate. Syncs to cloud instantly. My team is jealous. Worth every penny for professionals!,2024-01-14,Yes,51
REV006,Rahul Verma,FindX Pro Headphones,Audio,5,Best headphones I've owned,Coming from Sony WH-1000XM4 these are a significant upgrade. The spatial audio feature is mind-blowing for movies. Comfortable for 8-hour work sessions. Microphone quality is crystal clear for calls.,2024-01-16,Yes,63
REV007,Emily Zhang,FindX Smart Backpack,Travel,4,Feature-rich travel companion,Love the built-in USB charging port and anti-theft zipper. The laptop compartment fits my 16-inch MacBook perfectly. Only downside — slightly heavier than my old backpack. Great for daily commute though.,2024-01-18,Yes,22
REV008,David Thompson,FindX Wireless Charger,Accessories,2,Disappointing experience,Stopped working after 2 weeks. The LED indicator keeps blinking and phone doesn't charge. Customer support was responsive but waiting for replacement. Build quality felt cheap when I opened the box.,2024-01-20,No,8
REV009,Lakshmi Nair,FindX Smart Water Bottle,Lifestyle,4,Almost perfect,Love the hydration tracking and temperature display. The app sends timely reminders. Only issue — the lid seal loosened after a month causing minor leaks. Otherwise an excellent product for health-conscious people.,2024-01-22,Yes,19
REV010,Alex Rivera,FindX Smart Notebook,Electronics,4,Game changer for students,As a university student this notebook is a lifesaver. I can search through 6 months of notes instantly. The OCR accuracy is impressive even with my messy handwriting. Wish the pen had more color options.,2024-01-24,Yes,37
REV011,Fatima Hassan,FindX Pro Headphones,Audio,1,Terrible battery life,Battery dies after 4 hours instead of the advertised 30 hours. Returned immediately. The sound was good during those 4 hours but what's the point if it dies mid-flight? Very disappointed with the quality control.,2024-01-26,Yes,45
REV012,Tom Baker,FindX Smart Backpack,Travel,5,Perfect for digital nomads,I travel 200 days a year and this backpack has everything — solar panel pocket USB ports waterproof material RFID blocking compartment and GPS tracker integration. Hands down the best travel backpack available.,2024-01-28,Yes,72
REV013,Meera Krishnan,FindX Fitness Band,Wearables,5,Accurate health tracking,Heart rate monitoring is surprisingly accurate compared to my Apple Watch. Sleep tracking gives detailed REM analysis. The 14-day battery life means I never worry about charging. Lightweight and comfortable 24/7.,2024-02-01,Yes,48
REV014,Chris Anderson,FindX Wireless Charger,Accessories,3,Sleek design decent performance,The bamboo top looks gorgeous on any desk. Charges my iPhone at a reasonable speed. MagSafe alignment is perfect. Would give 5 stars if it charged faster. Great gift option for tech lovers.,2024-02-03,Yes,12
REV015,Aisha Khan,FindX Smart Notebook,Electronics,5,Revolutionary product,I've tried Rocketbook and Moleskine smart notebooks — FindX is leagues ahead. The AI search the cloud sync the premium paper quality — everything is top tier. My entire office is switching to FindX.,2024-02-05,Yes,86
REV016,Robert Lee,FindX Fitness Band,Wearables,3,Good features buggy app,The band itself is excellent — lightweight accurate sensors great battery. But the companion app crashes frequently on Android. Lost 2 weeks of sleep data due to a sync error. Please fix the app!,2024-02-07,Yes,33
REV017,Deepika Rao,FindX Pro Headphones,Audio,5,Worth the premium price,These headphones deliver studio-quality sound. The transparency mode is natural — I can have conversations without removing them. Foldable design is perfect for travel. Premium leather ear cups are super soft.,2024-02-09,Yes,54
REV018,Mark Williams,FindX Smart Backpack,Travel,3,Good concept poor execution,The idea is great but zipper quality is poor. Anti-theft lock jammed twice. USB port stopped working after a month. The padded laptop compartment is excellent though. Needs better quality control.,2024-02-11,Yes,27
REV019,Sneha Gupta,FindX Smart Water Bottle,Lifestyle,5,My fitness essential,Lost 5 kgs in 3 months partly thanks to this bottle keeping me hydrated. The temperature sensor is spot on. Love the motivational reminders. Dishwasher safe too! Bought 3 more for my family.,2024-02-13,Yes,41
REV020,Jennifer Brown,FindX Fitness Band,Wearables,4,Great value for money,At this price point you get heart rate SpO2 stress monitoring sleep tracking and 14-day battery. The swim-proof design is a bonus. Only missing GPS but at this price that's expected. Highly recommend.,2024-02-15,Yes,29
REV021,Arjun Mehta,FindX Pro Headphones,Audio,4,Amazing ANC slight connectivity issues,Active noise cancellation is the best I've experienced — blocks airplane engine noise completely. Sound profile is warm and rich. Occasionally disconnects from Bluetooth when switching between devices. Minor issue overall.,2024-02-17,Yes,38
REV022,Lisa Park,FindX Smart Notebook,Electronics,3,Great features fragile build,The technology inside is amazing — AI search OCR cloud sync all work perfectly. But I dropped it once from table height and the screen cracked. For this price the durability should be better. Using a case now.,2024-02-19,Yes,16
REV023,Omar Syed,FindX Wireless Charger,Accessories,5,Best charger on the market,Finally a wireless charger that works with my phone case on! The dual-device charging pad is brilliant — phone and earbuds simultaneously. Night mode dims the LED. Fast reliable and beautiful design.,2024-02-21,Yes,31
REV024,Catherine Hayes,FindX Smart Backpack,Travel,4,Thoughtful design details,The hidden pocket under the back panel is genius for passport and cash. Rain cover pops out instantly. Weight distribution is perfect even when fully loaded. Wish it came in more colors besides black and grey.,2024-02-23,Yes,23
REV025,Vikram Singh,FindX Fitness Band,Wearables,5,Doctor recommended it,My cardiologist was impressed by the accuracy of the heart rate and SpO2 readings. The irregular heartbeat detection alerted me to see my doctor which potentially saved my life. This is more than a fitness band.,2024-02-25,Yes,94
REV026,Amanda Foster,FindX Smart Water Bottle,Lifestyle,2,Leaked in my bag,The temperature display failed after 3 weeks and then it started leaking from the sensor area. Ruined my laptop bag. The concept is great but the waterproofing needs serious improvement. Getting a replacement.,2024-02-27,No,11
REV027,Ravi Kumar,FindX Pro Headphones,Audio,5,Professional audio quality,I'm a music producer and these headphones reveal details in mixes I've never heard before. The flat EQ mode is perfect for mixing. Low latency makes them usable for recording. Absolutely professional grade.,2024-03-01,Yes,67
REV028,Nicole Adams,FindX Fitness Band,Wearables,4,Perfect gym companion,Tracks all my workouts accurately — running cycling swimming even yoga. The auto-detect exercise feature works 90% of the time. The always-on display is bright enough for outdoor runs. Great purchase!,2024-03-03,Yes,25
REV029,Karthik Iyer,FindX Smart Backpack,Travel,5,Best investment for work commute,Commuting 2 hours daily with a laptop tablet chargers and lunch — this backpack organizes everything perfectly. The weight feels evenly distributed. After 6 months of daily use it still looks brand new.,2024-03-05,Yes,44
REV030,Sophia Martinez,FindX Smart Notebook,Electronics,5,Makes note-taking fun again,The haptic feedback pen feels natural on the e-ink display. Colors are vibrant and templates are beautiful. Exported my notes as searchable PDFs for my thesis. My professor was amazed. Student essential!,2024-03-07,Yes,58
